〜ても / 〜でも	Even if / even if.
そして	And / and after that.
〜ように	So yeah... in a way that...
〜ばよかった	I should have / wish I had been...;an expression of regret for a missed good opportunity.
〜ようにする	I try to... / make it so that...
〜こと	Nominalization: turns an action/state into "something that...".
〜ところ	Just before / during / just after...
〜になる	It becomes / turns into...
〜ことができる	It might...
〜中	During / in the process of...
〜後 / 〜あと	After / after...
〜なくて	Without..., no and..., because no...
〜ないで	Without..., not doing...
〜にくい	It's hard to... / it's not easy to...
〜くらい / 〜ぐらい	About / approximately / to such an extent.
〜と 言う / 思う など (AI)	Used to quote someone's words, thoughts, or writings. 「〜と 言 っています」 means "is saying that...", 「〜と 思 います」 means "I think that...".
〜かもしれません (AI)	Expresses possibility or conjecture, meaning "maybe", "it might be".
〜など (AI)	Used to list examples or to mean "etc.", "and others".
〜とか〜とか (AI)	Used to list several examples or alternatives, often informally, meaning "things like... and...", "or... or...".
〜に 似 ている (AI)	Means "to resemble", "to be similar to".
〜と 同 じ (AI)	Means "the same as", "identical to".
〜ときは (AI)	Means "when" or "at the time of", used to indicate the time at which something occurs.
〜てほしい (AI)	Expresses the speaker's desire for someone else to do something, meaning "I want (you/them) to do...".
〜目 (め) の (AI)	Used after a counter to indicate the order or sequence of something, meaning "N-th".
〜を 目指 して (AI)	Means "aiming for", "heading towards", indicates a goal or direction.
〜では (context) (AI)	Sets the context or scope in which a statement is made, meaning "in (the context of)", "as for".
